count,x,y,y_guess,loss
1,-2.92289,0.0470743,0.55349,0.506416
